﻿<?xml version="1.0" encoding="utf-8"?>
<?xml-stylesheet type="text/xsl" href="c:\program files (x86)\microsoft visual studio 14.0\team tools\static analysis tools\fxcop\Xml\CodeAnalysisReport.xsl"?>
<FxCopReport Version="14.0">
 <Targets>
  <Target Name="O:\3184\Felix\Projects\Teaser\TeaserDSV\TeaserDSV\CompiledProducts\TeaserDSV.exe">
   <Modules>
    <Module Name="teaserdsv.exe">
     <Namespaces>
      <Namespace Name="TeaserDSV">
       <Types>
        <Type Name="fInjectedImage" Kind="Class" Accessibility="Public" ExternallyVisible="True">
         <Members>
          <Member Name="#Dispose(System.Boolean)" Kind="Method" Static="False" Accessibility="Family" ExternallyVisible="True">
           <Messages>
            <Message Id="areDraw" TypeName="DisposableFieldsShouldBeDisposed" Category="Microsoft.Usage" CheckId="CA2213" Status="Active" Created="2018-12-30 15:48:12Z" FixCategory="NonBreaking">
             <Issue Certainty="75" Level="Warning" Path="O:\3184\Felix\Projects\Teaser\TeaserDSV\TeaserDSV" File="fInjectedImage.Designer.cs" Line="15">'fInjectedImage' contains field 'fInjectedImage.areDraw' that is of IDisposable type: 'AutoResetEvent'. Change the Dispose method on 'fInjectedImage' to call Dispose or Close on this field.</Issue>
            </Message>
            <Message Id="ledImage" TypeName="DisposableFieldsShouldBeDisposed" Category="Microsoft.Usage" CheckId="CA2213" Status="Active" Created="2018-12-30 15:48:12Z" FixCategory="NonBreaking">
             <Issue Certainty="75" Level="Warning" Path="O:\3184\Felix\Projects\Teaser\TeaserDSV\TeaserDSV" File="fInjectedImage.Designer.cs" Line="15">'fInjectedImage' contains field 'fInjectedImage.ledImage' that is of IDisposable type: 'Bitmap'. Change the Dispose method on 'fInjectedImage' to call Dispose or Close on this field.</Issue>
            </Message>
            <Message Id="stream" TypeName="DisposableFieldsShouldBeDisposed" Category="Microsoft.Usage" CheckId="CA2213" Status="Active" Created="2018-12-30 15:48:12Z" FixCategory="NonBreaking">
             <Issue Certainty="75" Level="Warning" Path="O:\3184\Felix\Projects\Teaser\TeaserDSV\TeaserDSV" File="fInjectedImage.Designer.cs" Line="15">'fInjectedImage' contains field 'fInjectedImage.stream' that is of IDisposable type: 'Stream'. Change the Dispose method on 'fInjectedImage' to call Dispose or Close on this field.</Issue>
            </Message>
           </Messages>
          </Member>
         </Members>
        </Type>
        <Type Name="Listener" Kind="Class" Accessibility="Assembly" ExternallyVisible="False">
         <Messages>
          <Message TypeName="TypesThatOwnDisposableFieldsShouldBeDisposable" Category="Microsoft.Design" CheckId="CA1001" Status="Active" Created="2018-12-30 15:48:12Z" FixCategory="NonBreaking">
           <Issue Name="NonBreaking" Certainty="95" Level="CriticalError">Implement IDisposable on 'Listener' because it creates members of the following IDisposable types: 'Socket'.</Issue>
          </Message>
         </Messages>
        </Type>
        <Type Name="LogWriter" Kind="Class" Accessibility="Public" ExternallyVisible="True">
         <Members>
          <Member Name="#Dispose()" Kind="Method" Static="False" Accessibility="Public" ExternallyVisible="True">
           <Messages>
            <Message Id="tskWriter" TypeName="DisposableFieldsShouldBeDisposed" Category="Microsoft.Usage" CheckId="CA2213" Status="Active" Created="2018-12-30 15:48:12Z" FixCategory="NonBreaking">
             <Issue Certainty="75" Level="Warning" Path="O:\3184\Felix\Projects\Teaser\TeaserDSV\TeaserDSV" File="cLogger.cs" Line="63">'LogWriter' contains field 'LogWriter.tskWriter' that is of IDisposable type: 'Task&lt;bool&gt;'. Change the Dispose method on 'LogWriter' to call Dispose or Close on this field.</Issue>
            </Message>
           </Messages>
          </Member>
          <Member Name="#FlushLog()" Kind="Method" Static="False" Accessibility="Private" ExternallyVisible="False">
           <Messages>
            <Message TypeName="Do not dispose objects multiple times" Category="Microsoft.Usage" CheckId="CA2202" Status="Active" Created="2018-12-30 15:48:12Z" FixCategory="DependsOnFix">
             <Issue Certainty="75" Level="Warning" Path="O:\3184\Felix\Projects\Teaser\TeaserDSV\TeaserDSV" File="cLogger.cs" Line="184">Object 'fs' can be disposed more than once in method 'LogWriter.FlushLog()'. To avoid generating a System.ObjectDisposedException you should not call Dispose more than one time on an object.: Lines: 184</Issue>
            </Message>
           </Messages>
          </Member>
         </Members>
        </Type>
        <Type Name="SettingsHolder" Kind="Class" Accessibility="Public" ExternallyVisible="True">
         <Messages>
          <Message TypeName="ImplementIDisposableCorrectly" Category="Microsoft.Design" CheckId="CA1063" Status="Active" Created="2018-12-30 15:48:12Z" FixCategory="Breaking">
           <Issue Name="ProvideDisposeBool" Certainty="95" Level="Error">Provide an overridable implementation of Dispose(bool) on 'SettingsHolder' or mark the type as sealed. A call to Dispose(false) should only clean up native resources. A call to Dispose(true) should clean up both managed and native resources.</Issue>
          </Message>
         </Messages>
         <Members>
          <Member Name="#Dispose()" Kind="Method" Static="False" Accessibility="Public" ExternallyVisible="True">
           <Messages>
            <Message TypeName="ImplementIDisposableCorrectly" Category="Microsoft.Design" CheckId="CA1063" Status="Active" Created="2018-12-30 15:48:12Z" FixCategory="Breaking">
             <Issue Name="DisposeImplementation" Certainty="95" Level="Error" Path="O:\3184\Felix\Projects\Teaser\TeaserDSV\TeaserDSV" File="Program.cs" Line="183">Modify 'SettingsHolder.Dispose()' so that it calls Dispose(true), then calls GC.SuppressFinalize on the current object instance ('this' or 'Me' in Visual Basic), and then returns.</Issue>
            </Message>
           </Messages>
          </Member>
         </Members>
        </Type>
        <Type Name="Utils+CRC32" Kind="Class" Accessibility="Public" ExternallyVisible="False">
         <Members>
          <Member Name="#ComputeCheckSum(System.IO.FileInfo,TeaserDSV.Utils+CRC32+CSMethod)" Kind="Method" Static="False" Accessibility="Public" ExternallyVisible="False">
           <Messages>
            <Message TypeName="Do not dispose objects multiple times" Category="Microsoft.Usage" CheckId="CA2202" Status="Active" Created="2018-12-30 15:48:12Z" FixCategory="DependsOnFix">
             <Issue Certainty="75" Level="Warning" Path="O:\3184\Felix\Projects\Teaser\TeaserDSV\TeaserDSV" File="Utils.cs" Line="207">Object 'fs' can be disposed more than once in method 'Utils.CRC32.ComputeCheckSum(FileInfo, Utils.CRC32.CSMethod)'. To avoid generating a System.ObjectDisposedException you should not call Dispose more than one time on an object.: Lines: 207</Issue>
            </Message>
           </Messages>
          </Member>
         </Members>
        </Type>
       </Types>
      </Namespace>
     </Namespaces>
    </Module>
   </Modules>
  </Target>
 </Targets>
 <Rules>
  <Rule TypeName="DisposableFieldsShouldBeDisposed" Category="Microsoft.Usage" CheckId="CA2213">
   <Name>Disposable fields should be disposed</Name>
   <Description>If a type that implements IDisposable owns fields that also implement IDisposable, the encapsulating type's Dispose() implementation should call Dispose() on each disposable field.</Description>
   <Resolution Name="Default">{0} contains field {1} that is of IDisposable type: {2}. Change the Dispose method on {0} to call Dispose or Close on this field.</Resolution>
   <Owner />
   <Url>http://msdn.microsoft.com/library/ms182328.aspx</Url>
   <Email>[none]</Email>
   <MessageLevel Certainty="75">Warning</MessageLevel>
   <File Name="usagerules.dll" Version="14.0.0.0" />
  </Rule>
  <Rule TypeName="Do not dispose objects multiple times" Category="Microsoft.Usage" CheckId="CA2202">
   <Name>Do not dispose objects multiple times</Name>
   <Description>A correctly implemented Dispose method can be called multiple times without throwing an exception. However, this is not guaranteed and to avoid generating a System.ObjectDisposedException you should not call Dispose more than one time on an object.</Description>
   <Resolution Name="Default">Object {0} can be disposed more than once in method {1}. To avoid generating a System.ObjectDisposedException you should not call Dispose more than one time on an object.: Lines: 207</Resolution>
   <Owner>RuleOwner</Owner>
   <Url>http://msdn.microsoft.com/library/ms182334.aspx</Url>
   <Email />
   <MessageLevel Certainty="75">Warning</MessageLevel>
   <File Name="dataflowrules.dll" Version="14.0.0.0" />
  </Rule>
  <Rule TypeName="ImplementIDisposableCorrectly" Category="Microsoft.Design" CheckId="CA1063">
   <Name>Implement IDisposable correctly</Name>
   <Description>All IDisposable types should implement the Dispose pattern correctly.</Description>
   <Resolution Name="DisposeImplementation">Modify {0} so that it calls Dispose(true), then calls GC.SuppressFinalize on the current object instance ('this' or 'Me' in Visual Basic), and then returns.</Resolution>
   <Resolution Name="ProvideDisposeBool">Provide an overridable implementation of Dispose(bool) on {0} or mark the type as sealed. A call to Dispose(false) should only clean up native resources. A call to Dispose(true) should clean up both managed and native resources.</Resolution>
   <Owner />
   <Url>http://msdn.microsoft.com/library/ms244737.aspx</Url>
   <Email>[none]</Email>
   <MessageLevel Certainty="95">Error</MessageLevel>
   <File Name="designrules.dll" Version="14.0.0.0" />
  </Rule>
  <Rule TypeName="TypesThatOwnDisposableFieldsShouldBeDisposable" Category="Microsoft.Design" CheckId="CA1001">
   <Name>Types that own disposable fields should be disposable</Name>
   <Description>Types that declare disposable members should also implement IDisposable. If the type does not own any unmanaged resources, do not implement a finalizer on it.</Description>
   <Resolution Name="NonBreaking">Implement IDisposable on {0} because it creates members of the following IDisposable types: {1}.</Resolution>
   <Owner />
   <Url>http://msdn.microsoft.com/library/ms182172.aspx</Url>
   <Email>[none]</Email>
   <MessageLevel Certainty="95">CriticalError</MessageLevel>
   <File Name="designrules.dll" Version="14.0.0.0" />
  </Rule>
 </Rules>
 <Localized>
  <String Key="Category">Category</String>
  <String Key="Certainty">Certainty</String>
  <String Key="CollapseAll">Collapse All</String>
  <String Key="CheckId">Check Id</String>
  <String Key="Error">Error</String>
  <String Key="Errors">error(s)</String>
  <String Key="ExpandAll">Expand All</String>
  <String Key="Help">Help</String>
  <String Key="Line">Line</String>
  <String Key="Messages">message(s)</String>
  <String Key="LocationNotStoredInPdb">[Location not stored in Pdb]</String>
  <String Key="Project">Project</String>
  <String Key="Resolution">Resolution</String>
  <String Key="Rule">Rule</String>
  <String Key="RuleFile">Rule File</String>
  <String Key="RuleDescription">Rule Description</String>
  <String Key="Source">Source</String>
  <String Key="Status">Status</String>
  <String Key="Target">Target</String>
  <String Key="Warning">Warning</String>
  <String Key="Warnings">warning(s)</String>
  <String Key="ReportTitle">Code Analysis Report</String>
 </Localized>
</FxCopReport>
